Year Collected,n,median_bdq,pct_gt_0_12
2011,2,0.265,50.0
2013,126,0.06,2.380952380952381
2014,143,0.03,2.097902097902098
2015,926,0.03,1.8358531317494602
2016,1245,0.03,1.2048192771084338
2017,1543,0.03,1.3609850939727801
2018,1190,0.06,2.941176470588235
2019,753,0.03,3.851261620185923
