Continent,n,median_bdq,mean_bdq
Africa,978,0.06,0.06524846625766871
Asia,3571,0.03,0.05129347521702604
Europe,796,0.03,0.04868592964824121
North America,583,0.03,0.054344768439108064
